data_logger , 2021-04-26 12:15:29,376 , 1, 0.1585,0.1257,0.1078,0.5123,0.0654,0.0045,0.0102,0.0051,0.0024,0.0065,0.0015, -20.205101461224864, 37.24219384576315, -3.468597173690796, -1.0312211513519287, 0.5089057087898254, 55.41315056648961, 7.463526998538645, 0.0
data_logger , 2021-04-26 12:15:31,710 , 2, Quelimane, -17.87861, 36.88833
data_logger , 2021-04-26 12:16:33,165 , 2, 0.2009,0.0296,0.214,0.2821,0.2445,0.0041,0.007,0.0053,0.003,0.0077,0.0003, -26.894385536207544, 43.38240755110496, -5.936338424682617, -1.1071795225143433, 0.12180118262767792, 55.637225167495636, 7.407160862413115, 0.004443405744720245
data_logger , 2021-04-26 12:16:35,354 , 3, Tranovaho, -25.3, 44.96667
data_logger , 2021-04-26 12:17:36,912 , 3, 0.6434,0.1696,0.0667,0.0339,0.0336,0.0188,0.0287,0.0032,0.0,0.0003,0.0005, -29.820684463451126, 46.42408886399757, -7.812695503234863, -1.2318016290664673, -0.39125123620033264, 56.05444385785128, 7.358685302326243, 0.007113103409459414
data_logger , 2021-04-26 12:17:39,125 , 4, Tsiombe, -25.3, 45.48333
data_logger , 2021-04-26 12:18:40,383 , 4, 0.1934,0.0432,0.1579,0.4404,0.1351,0.0003,0.0015,0.0045,0.0053,0.0165,0.0014, -32.659191554197946, 49.66224739855477, -8.783614158630371, -0.9838488698005676, -1.3410714864730835, 56.30077804536238, 7.3808304831627165, 0.007146388908976657
data_logger , 2021-04-26 12:18:42,572 , 5, Fort Dauphin, -25.03249, 46.98329
data_logger , 2021-04-26 12:19:42,911 , 5, 0.1944,0.5289,0.1222,0.0384,0.0484,0.0452,0.0155,0.0005,0.0002,0.0046,0.0039, -35.35169652124658, 53.06994488869002, -9.750141143798828, -0.45822036266326904, -2.351548194885254, 56.541262175849354, 7.199163672939656, 0.016375340181992555
data_logger , 2021-04-26 12:19:45,118 , 6, Fort Dauphin, -25.03249, 46.98329
data_logger , 2021-04-26 12:20:46,490 , 6, 0.3226,0.5174,0.1363,0.0178,0.0038,0.0003,0.0,0.0,0.0,0.0,0.0, -37.92526740427778, 56.72499767961728, -10.540060043334961, -0.1857779175043106, -3.737006664276123, 56.695064375579705, 7.121096318273703, 0.0189937789111869
data_logger , 2021-04-26 12:20:48,660 , 7, Fort Dauphin, -25.03249, 46.98329
data_logger , 2021-04-26 12:21:50,306 , 7, 0.1897,0.5878,0.1542,0.0462,0.0123,0.0027,0.0008,0.0004,0.0002,0.0039,0.0039, -40.35927020180894, 60.65619843378275, -11.411773681640625, -0.17775055766105652, -5.6000285148620605, 57.23940996186221, 6.998192186801201, 0.03253423540444711
data_logger , 2021-04-26 12:21:52,529 , 8, Port-aux-Francais, -49.35, 70.21667
data_logger , 2021-04-26 12:22:52,732 , 8, 0.1616,0.2444,0.344,0.1854,0.0363,0.0053,0.0018,0.0013,0.0017,0.0164,0.0028, -42.664862027849274, 64.96033776191466, -11.506063461303711, -0.4022054076194763, -7.613368034362793, 57.44986858075781, 7.082594541922341, 0.02784550230479843
data_logger , 2021-04-26 12:22:54,982 , 9, Port-aux-Francais, -49.35, 70.21667
data_logger , 2021-04-26 12:23:54,940 , 9, 0.1641,0.1104,0.6124,0.0881,0.0012,0.0024,0.0024,0.002,0.0017,0.0135,0.0029, -44.7120063258855, 69.45059291474026, -11.322380065917969, -0.6954249143600464, -10.145902633666992, 57.82283789057553, 6.97357960012706, 0.03767098122238635
data_logger , 2021-04-26 12:23:57,188 , 10, Port-aux-Francais, -49.35, 70.21667
data_logger , 2021-04-26 12:24:58,590 , 10, 0.3048,0.6748,0.0172,0.0014,0.0,0.0,0.0,0.0,0.0,0.0,0.0, -46.57574296923395, 74.350755040415, -11.29392147064209, -0.8107970356941223, -12.123797416687012, 58.09923515571843, 7.000556286027671, 0.03282385476856482
data_logger , 2021-04-26 12:25:00,759 , 11, Port-aux-Francais, -49.35, 70.21667
data_logger , 2021-04-26 12:25:59,849 , 11, 0.1154,0.0777,0.2845,0.2864,0.1539,0.055,0.0164,0.0065,0.0023,0.0002,0.0, -48.19099733057734, 79.59275447367052, -10.817268371582031, -0.9992192983627319, -14.200739860534668, 58.728930785869416, 6.9144544944636674, 0.04430502590233271
data_logger , 2021-04-26 12:26:02,455 , 12, Port-aux-Francais, -49.35, 70.21667
data_logger , 2021-04-26 12:27:02,541 , 12, 0.1287,0.0671,0.4359,0.1871,0.109,0.0466,0.0164,0.0055,0.0018,0.0001,0.0, -49.508038802568805, 85.06997879175213, -10.421653747558594, -1.4234157800674438, -16.17926788330078, 58.88669449531837, 6.966014738734447, 0.04185379507319811
data_logger , 2021-04-26 12:27:05,519 , 13, Port-aux-Francais, -49.35, 70.21667
data_logger , 2021-04-26 12:28:06,839 , 13, 0.0698,0.0695,0.2627,0.1776,0.1833,0.0864,0.1005,0.047,0.0015,0.0001,0.0, -50.54043897108916, 90.9221873254566, -9.669207572937012, -1.983630657196045, -18.2629451751709, 59.035326241847024, 6.986252162358372, 0.040174422311021224
data_logger , 2021-04-26 12:28:08,953 , 14, Port-aux-Francais, -49.35, 70.21667
data_logger , 2021-04-26 12:28:41,124 , -1, -, -, -, -, -, -, -, -, -, -51.239362, 97.002681, -8.728273391723633, -2.2242767810821533, -20.505821228027344, 58.99324544637057, 6.8848533083744785, 0.03797670889397045
data_logger , 2021-04-26 12:28:41,130 , 14, Augusta, -34.31566, 115.15922
data_logger , 2021-04-26 12:29:14,614 , -1, -, -, -, -, -, -, -, -, -, -51.465776, 100.251761, -7.784031867980957, -2.5448224544525146, -22.177915573120117, 58.9328119325943, 6.769111484020382, 0.03663982943101938
data_logger , 2021-04-26 12:29:14,619 , 14, Augusta, -34.31566, 115.15922
data_logger , 2021-04-26 12:29:47,102 , -1, -, -, -, -, -, -, -, -, -, -51.593678, 103.527240, -6.966623306274414, -2.882634401321411, -23.986101150512695, 58.99407872944931, 6.755103192919508, 0.03254209612508857
data_logger , 2021-04-26 12:29:47,108 , 14, Augusta, -34.31566, 115.15922
data_logger , 2021-04-26 12:30:21,182 , -1, -, -, -, -, -, -, -, -, -, -51.622054, 106.814487, -5.991198539733887, -3.1472911834716797, -24.722593307495117, 59.00477480568955, 6.767700196183127, 0.03297863125742768
data_logger , 2021-04-26 12:30:21,187 , 14, Augusta, -34.31566, 115.15922
data_logger , 2021-04-26 12:30:53,652 , -1, -, -, -, -, -, -, -, -, -, -51.546966, 110.197808, -5.104093551635742, -3.255845785140991, -26.044334411621094, 59.416573740938794, 6.788437931163756, 0.027937528098188443
data_logger , 2021-04-26 12:30:53,658 , 14, Augusta, -34.31566, 115.15922
data_logger , 2021-04-26 12:31:27,460 , -1, -, -, -, -, -, -, -, -, -, -51.380122, 113.364386, -4.005526065826416, -3.6829752922058105, -26.71544075012207, 59.659557720661994, 6.651607470860421, 0.034855782685790725
data_logger , 2021-04-26 12:31:27,465 , 14, Denmark, -34.96067, 117.35321
data_logger , 2021-04-26 12:31:59,741 , -1, -, -, -, -, -, -, -, -, -, -51.102072, 116.695148, -3.0813405513763428, -3.976036310195923, -27.279531478881836, 60.119816848072475, 6.897084042743856, 0.011115461694717986
data_logger , 2021-04-26 12:31:59,746 , 14, Grasmere, -35.01806, 117.75556
data_logger , 2021-04-26 12:32:31,914 , -1, -, -, -, -, -, -, -, -, -, -50.747500, 119.785440, -2.0924160480499268, -4.3925676345825195, -27.62945556640625, 60.24672176285131, 6.7960079151982455, 0.016053174032664805
data_logger , 2021-04-26 12:32:31,920 , 14, Grasmere, -35.01806, 117.75556
data_logger , 2021-04-26 12:33:05,470 , -1, -, -, -, -, -, -, -, -, -, -50.305378, 122.821377, -0.9643056392669678, -4.333500862121582, -27.60283088684082, 60.44598570169726, 6.692054143577944, 0.021104357390520426
data_logger , 2021-04-26 12:33:05,476 , 14, Albany, -35.0031, 117.86595
data_logger , 2021-04-26 12:33:37,661 , -1, -, -, -, -, -, -, -, -, -, -49.743001, 125.976870, 0.007518865168094635, -4.712896347045898, -27.970916748046875, 60.3855043765968, 6.6728638733311465, 0.024362476019008858
data_logger , 2021-04-26 12:33:37,667 , 14, Esperance, -33.86013, 121.88259
data_logger , 2021-04-26 12:34:11,534 , -1, -, -, -, -, -, -, -, -, -, -49.130080, 128.872351, 1.1147733926773071, -5.052430629730225, -28.365198135375977, 60.52005227305688, 6.797195514340181, 0.0206424875257448
data_logger , 2021-04-26 12:34:11,539 , 14, Port Lincoln, -34.72625, 135.87442
data_logger , 2021-04-26 12:34:43,719 , -1, -, -, -, -, -, -, -, -, -, -48.394199, 131.862635, 2.1573753356933594, -5.265468597412109, -28.64883804321289, 60.74132991159779, 6.749832848201197, 0.0217574692170031
data_logger , 2021-04-26 12:34:43,725 , 14, Millicent, -37.59389, 140.34947
data_logger , 2021-04-26 12:35:17,444 , -1, -, -, -, -, -, -, -, -, -, -47.626031, 134.591036, 3.4787516593933105, -5.585931777954102, -28.133769989013672, 60.71062138108941, 6.749404253830779, 0.017428269871445558
data_logger , 2021-04-26 12:35:17,449 , 14, Millicent, -37.59389, 140.34947
data_logger , 2021-04-26 12:35:49,555 , -1, -, -, -, -, -, -, -, -, -, -46.734156, 137.395088, 4.4477128982543945, -6.000697135925293, -28.368913650512695, 60.76388319623717, 6.636160571165614, 0.021624764110917176
data_logger , 2021-04-26 12:35:49,567 , 14, Currie, -39.92976, 143.85385
data_logger , 2021-04-26 12:36:23,304 , -1, -, -, -, -, -, -, -, -, -, -45.827783, 139.943159, 5.367121696472168, -5.989933013916016, -28.491600036621094, 60.85117301382993, 6.727391834796297, 0.01985740096985014
data_logger , 2021-04-26 12:36:23,310 , 14, Queenstown, -42.0805, 145.55646
data_logger , 2021-04-26 12:36:55,368 , -1, -, -, -, -, -, -, -, -, -, -44.798241, 142.553274, 6.441554069519043, -6.038422107696533, -27.894140243530273, 60.86103580699143, 6.662965648563329, 0.017777820143466166
data_logger , 2021-04-26 12:36:55,388 , 14, Queenstown, -42.0805, 145.55646
data_logger , 2021-04-26 12:37:28,943 , -1, -, -, -, -, -, -, -, -, -, -43.770844, 144.919020, 7.556913375854492, -6.172204494476318, -27.276287078857422, 61.04252759361701, 6.6271259384409795, 0.01686178438705101
data_logger , 2021-04-26 12:37:28,948 , 1, Queenstown, -42.0805, 145.55646
data_logger , 2021-04-26 12:38:01,003 , -1, -, -, -, -, -, -, -, -, -, -42.656174, 147.268099, 8.756392478942871, -6.163893222808838, -26.73578643798828, 60.918539169613766, 6.647030817229689, 0.01900317875892893
data_logger , 2021-04-26 12:38:01,008 , 1, Bridgewater, -42.73719, 147.22784
data_logger , 2021-04-26 12:38:33,418 , -1, -, -, -, -, -, -, -, -, -, -41.489513, 149.527621, 9.678720474243164, -6.374605178833008, -26.145017623901367, 60.67337635954533, 6.5381951679001205, 0.012508025708950512
data_logger , 2021-04-26 12:38:33,425 , 1, St Helens, -41.32028, 148.23889
data_logger , 2021-04-26 12:39:07,004 , -1, -, -, -, -, -, -, -, -, -, -40.312220, 151.636033, 10.629617691040039, -6.29005765914917, -25.517230987548828, 60.719712362874695, 6.572777269441541, 0.011277125902420373
data_logger , 2021-04-26 12:39:07,009 , 14, St Helens, -41.32028, 148.23889
data_logger , 2021-04-26 12:39:39,308 , -1, -, -, -, -, -, -, -, -, -, -39.015512, 153.790657, 11.351691246032715, -6.370917320251465, -24.288673400878906, 60.7624420263223, 6.497915834817263, 0.013498001264679028
data_logger , 2021-04-26 12:39:39,314 , 14, Eden, -37.06322, 149.90401
data_logger , 2021-04-26 12:40:13,745 , -1, -, -, -, -, -, -, -, -, -, -37.755267, 155.741673, 12.008708953857422, -6.135830879211426, -23.142213821411133, 61.00871132703627, 6.469949198373823, 0.015233574677636415
data_logger , 2021-04-26 12:40:13,878 , 14, Gerringong, -34.74702, 150.82809
data_logger , 2021-04-26 12:40:46,085 , -1, -, -, -, -, -, -, -, -, -, -36.377318, 157.737181, 12.97801399230957, -6.156033515930176, -22.284894943237305, 60.9839245705383, 6.429993445502895, 0.013727522134465235
data_logger , 2021-04-26 12:40:46,091 , 14, Nelson Bay, -32.72043, 152.14398
data_logger , 2021-04-26 12:41:19,627 , -1, -, -, -, -, -, -, -, -, -, -35.004607, 159.601850, 13.679695129394531, -6.030221939086914, -21.065675735473633, 60.88065894047688, 6.304329917605707, 0.01095141375766537
data_logger , 2021-04-26 12:41:19,632 , 14, North Haven, -31.6368, 152.81357
data_logger , 2021-04-26 12:41:51,744 , -1, -, -, -, -, -, -, -, -, -, -33.599982, 161.399706, 14.752559661865234, -6.031858921051025, -19.61534309387207, 60.94489686962085, 6.2618252235138945, 0.008431157330263306
data_logger , 2021-04-26 12:41:51,749 , 14, Kingston, -29.05459, 167.96628
data_logger , 2021-04-26 12:42:24,846 , -1, -, -, -, -, -, -, -, -, -, -32.209922, 163.083197, 15.518263816833496, -6.218336582183838, -18.144691467285156, 60.97490189064471, 6.292500456850068, 0.00769746728086233
data_logger , 2021-04-26 12:42:24,851 , 14, Kingston, -29.05459, 167.96628
data_logger , 2021-04-26 12:42:56,692 , -1, -, -, -, -, -, -, -, -, -, -30.749928, 164.761552, 16.31210708618164, -6.067666530609131, -17.37787628173828, 61.00297396813346, 6.192639249203074, 0.011126845065413565
data_logger , 2021-04-26 12:42:56,699 , 14, Kingston, -29.05459, 167.96628
data_logger , 2021-04-26 12:43:29,596 , -1, -, -, -, -, -, -, -, -, -, -29.310606, 166.336785, 17.167251586914062, -5.7447285652160645, -16.32318687438965, 60.86047573147949, 6.135878669652976, 0.00923975017561966
data_logger , 2021-04-26 12:43:29,601 , 1, Kingston, -29.05459, 167.96628
data_logger , 2021-04-26 12:44:02,464 , -1, -, -, -, -, -, -, -, -, -, -27.804056, 167.911158, 18.23223876953125, -5.9030327796936035, -14.869067192077637, 60.653944471356645, 6.012773047599958, 0.0037492694275245175
data_logger , 2021-04-26 12:44:02,469 , 1, Kingston, -29.05459, 167.96628
data_logger , 2021-04-26 12:44:34,966 , -1, -, -, -, -, -, -, -, -, -, -26.276856, 169.438415, 19.070919036865234, -6.566809177398682, -13.5729341506958, 60.55720167195258, 6.073839634534926, 0.0014020831943506505
data_logger , 2021-04-26 12:44:34,972 , 14, Kingston, -29.05459, 167.96628
data_logger , 2021-04-26 12:45:09,022 , -1, -, -, -, -, -, -, -, -, -, -24.777937, 170.877809, 19.62015151977539, -6.401066780090332, -12.066207885742188, 60.46806087309474, 6.011598681949539, 359.99948168378484
data_logger , 2021-04-26 12:45:09,028 , 14, Vao, -22.66667, 167.48333
data_logger , 2021-04-26 12:45:41,292 , -1, -, -, -, -, -, -, -, -, -, -23.120055, 172.409083, 20.153038024902344, -6.197260856628418, -10.396368980407715, 60.694351870486436, 6.173244500168, 359.99005306010855
data_logger , 2021-04-26 12:45:41,297 , 14, Isangel, -19.55, 169.26667
data_logger , 2021-04-26 12:46:15,482 , -1, -, -, -, -, -, -, -, -, -, -21.588978, 173.773017, 20.891101837158203, -6.147738456726074, -9.445609092712402, 60.66878647242308, 6.1827589536818275, 359.98779109939085
data_logger , 2021-04-26 12:46:15,488 , 14, Isangel, -19.55, 169.26667
data_logger , 2021-04-26 12:46:48,123 , -1, -, -, -, -, -, -, -, -, -, -19.947754, 175.187809, 21.631093978881836, -6.025416851043701, -7.339901924133301, 60.355151015925266, 6.1150589724023074, 359.98230646332365
data_logger , 2021-04-26 12:46:48,128 , 14, Nadi, -17.8, 177.41667
data_logger , 2021-04-26 12:47:22,266 , -1, -, -, -, -, -, -, -, -, -, -18.341968, 176.530214, 22.275684356689453, -6.094463348388672, -5.444782733917236, 60.26219214132139, 6.161229343644301, 359.9808592519597
data_logger , 2021-04-26 12:47:22,271 , 1, Nadi, -17.8, 177.41667
data_logger , 2021-04-26 12:47:54,726 , -1, -, -, -, -, -, -, -, -, -, -16.675692, 177.884777, 22.528709411621094, -5.829458236694336, -3.9692296981811523, 60.420030982851216, 6.032568643361947, 359.98423614017406
data_logger , 2021-04-26 12:47:54,731 , 1, Ba, -17.5343, 177.67407
data_logger , 2021-04-26 12:48:28,294 , -1, -, -, -, -, -, -, -, -, -, -15.097658, 179.135945, 22.847862243652344, -5.720545768737793, -2.005545139312744, 60.70962417347059, 6.104190433885524, 359.980910885255
data_logger , 2021-04-26 12:48:28,299 , 1, Lambasa, -16.41667, 179.38333
data_logger , 2021-04-26 12:49:00,874 , -1, -, -, -, -, -, -, -, -, -, -13.411825, -179.557026, 23.10821533203125, -5.647488594055176, -0.27820074558258057, 60.74949198765595, 5.961361786830449, 359.9817395642927
data_logger , 2021-04-26 12:49:00,880 , 1, Sigave, -14.29034, -178.16551
data_logger , 2021-04-26 12:49:33,552 , -1, -, -, -, -, -, -, -, -, -, -11.817591, -178.345392, 23.15782928466797, -5.957243919372559, 1.484041690826416, 60.8812463367455, 6.139648934074822, 359.9767226019168
data_logger , 2021-04-26 12:49:33,558 , 14, Sigave, -14.29034, -178.16551
data_logger , 2021-04-26 12:50:07,797 , -1, -, -, -, -, -, -, -, -, -, -10.166892, -177.112174, 23.78805160522461, -5.956857204437256, 3.355135440826416, 60.7836907448302, 6.114963349753927, 359.9766676502435
data_logger , 2021-04-26 12:50:07,803 , 14, Mata-Utu, -13.28163, -176.17453
data_logger , 2021-04-26 12:50:40,626 , -1, -, -, -, -, -, -, -, -, -, -8.460181, -175.856280, 23.870800018310547, -5.9597015380859375, 4.868292331695557, 61.021797969486016, 6.162810105550336, 359.9702649615464
data_logger , 2021-04-26 12:50:40,632 , 14, Atafu Village, -8.54212, -172.51591
data_logger , 2021-04-26 12:51:14,366 , -1, -, -, -, -, -, -, -, -, -, -6.798856, -174.649098, 24.050870895385742, -5.820789337158203, 7.101256370544434, 60.769941574030966, 6.070000214447733, 359.9670755333433
data_logger , 2021-04-26 12:51:14,371 , 14, Atafu Village, -8.54212, -172.51591
data_logger , 2021-04-26 12:51:47,077 , -1, -, -, -, -, -, -, -, -, -, -5.083249, -173.414979, 24.394256591796875, -6.015202045440674, 9.046491622924805, 60.596044957762444, 5.998534237614597, 359.96673154927527
data_logger , 2021-04-26 12:51:47,082 , 14, Atafu Village, -8.54212, -172.51591
data_logger , 2021-04-26 12:52:21,089 , -1, -, -, -, -, -, -, -, -, -, -3.415228, -172.224108, 24.338136672973633, -6.059273719787598, 10.748175621032715, 60.6612869247144, 5.9511109535467295, 359.96685374896344
data_logger , 2021-04-26 12:52:21,095 , 14, Atafu Village, -8.54212, -172.51591
data_logger , 2021-04-26 12:52:53,880 , -1, -, -, -, -, -, -, -, -, -, -1.694673, -171.001914, 24.317502975463867, -6.0151753425598145, 12.434106826782227, 60.7971530476843, 6.0442883942040435, 359.9641320719916
data_logger , 2021-04-26 12:52:53,886 , 14, Atafu Village, -8.54212, -172.51591
data_logger , 2021-04-26 12:53:27,603 , -1, -, -, -, -, -, -, -, -, -, -0.074357, -169.853800, 24.334659576416016, -5.943242073059082, 14.534899711608887, 60.89632739443289, 6.010740212548233, 359.963975681337
data_logger , 2021-04-26 12:53:27,608 , 14, Atafu Village, -8.54212, -172.51591
data_logger , 2021-04-26 12:54:00,218 , -1, -, -, -, -, -, -, -, -, -, 1.647328, -168.633928, 24.405160903930664, -5.6524882316589355, 16.280981063842773, 60.94710985091193, 5.889687062340805, 359.9650258095816
data_logger , 2021-04-26 12:54:00,224 , 14, Napari Village, 3.90806, -159.38832
data_logger , 2021-04-26 12:54:32,640 , -1, -, -, -, -, -, -, -, -, -, 3.317566, -167.447647, 24.486717224121094, -5.494905948638916, 17.693777084350586, 61.00444928899419, 5.959036534304882, 359.9582036912406
data_logger , 2021-04-26 12:54:32,646 , 14, Napari Village, 3.90806, -159.38832
data_logger , 2021-04-26 12:55:06,829 , -1, -, -, -, -, -, -, -, -, -, 4.935569, -166.292990, 24.47028923034668, -5.541396141052246, 19.541820526123047, 60.8588774672137, 5.84319695286829, 359.95486552966526
data_logger , 2021-04-26 12:55:06,835 , 14, Napari Village, 3.90806, -159.38832
data_logger , 2021-04-26 12:55:39,665 , -1, -, -, -, -, -, -, -, -, -, 6.652007, -165.059157, 24.238082885742188, -5.511604309082031, 21.45645523071289, 60.83763557889497, 5.855926291047078, 359.95545476688335
data_logger , 2021-04-26 12:55:39,671 , 14, Napari Village, 3.90806, -159.38832
data_logger , 2021-04-26 12:56:14,047 , -1, -, -, -, -, -, -, -, -, -, 8.314370, -163.852359, 24.045984268188477, -5.360752582550049, 23.6344051361084, 61.055190764338214, 5.994902284523443, 359.95134543759707
data_logger , 2021-04-26 12:56:14,052 , 14, Napari Village, 3.90806, -159.38832
data_logger , 2021-04-26 12:56:46,500 , -1, -, -, -, -, -, -, -, -, -, 10.072543, -162.559773, 23.754304885864258, -5.1197357177734375, 25.02617645263672, 61.06024510432402, 5.969995145941345, 359.9609554103726
data_logger , 2021-04-26 12:56:46,505 , 14, Napari Village, 3.90806, -159.38832
data_logger , 2021-04-26 12:57:20,570 , -1, -, -, -, -, -, -, -, -, -, 11.674589, -161.364216, 23.575838088989258, -5.007891654968262, 26.465839385986328, 60.837656069462476, 5.866918626742567, 359.95572360219523
data_logger , 2021-04-26 12:57:20,577 , 14, Napari Village, 3.90806, -159.38832
data_logger , 2021-04-26 12:57:53,567 , -1, -, -, -, -, -, -, -, -, -, 13.370011, -160.076903, 22.943389892578125, -4.86898136138916, 27.72675132751465, 61.022877139374884, 5.814788488562914, 359.9601787231485
data_logger , 2021-04-26 12:57:53,573 , 14, Hawaiian Ocean View, 19.06861, -155.765
data_logger , 2021-04-26 12:58:27,718 , -1, -, -, -, -, -, -, -, -, -, 15.007838, -158.808086, 22.750356674194336, -4.9098711013793945, 29.04974937438965, 61.051563933888936, 5.85431778149754, 359.95976846156606
data_logger , 2021-04-26 12:58:27,723 , 14, Hawaiian Ocean View, 19.06861, -155.765
data_logger , 2021-04-26 12:59:00,025 , -1, -, -, -, -, -, -, -, -, -, 16.686144, -157.478030, 22.401615142822266, -4.9722113609313965, 30.25557518005371, 61.17120152739088, 5.742490082424683, 359.9633256661075
data_logger , 2021-04-26 12:59:00,030 , 14, Hawaiian Ocean View, 19.06861, -155.765
data_logger , 2021-04-26 12:59:32,650 , -1, -, -, -, -, -, -, -, -, -, 18.305006, -156.162180, 22.436683654785156, -5.128406047821045, 31.69773292541504, 60.958919247986884, 5.818883186970337, 359.9693684225116
data_logger , 2021-04-26 12:59:32,656 , 1, Hawaiian Ocean View, 19.06861, -155.765
data_logger , 2021-04-26 13:00:06,937 , -1, -, -, -, -, -, -, -, -, -, 19.864144, -154.860046, 22.410690307617188, -4.854274749755859, 33.23954391479492, 61.136169487137884, 5.719463380298454, 359.9712209479064
data_logger , 2021-04-26 13:00:06,942 , 1, Papa'ikou, 19.78718, -155.09326
data_logger , 2021-04-26 13:00:39,284 , -1, -, -, -, -, -, -, -, -, -, 21.507868, -153.445254, 22.111906051635742, -4.910625457763672, 34.331932067871094, 61.053735934045, 5.645464683943713, 359.97189083338344
data_logger , 2021-04-26 13:00:39,290 , 14, Pepeekeo, 19.83361, -155.10722
data_logger , 2021-04-26 13:01:12,570 , -1, -, -, -, -, -, -, -, -, -, 23.089161, -152.038112, 21.775989532470703, -4.828649520874023, 35.44112777709961, 61.1441608084668, 5.669092869603726, 359.9696829847394
data_logger , 2021-04-26 13:01:12,702 , 14, Pepeekeo, 19.83361, -155.10722
data_logger , 2021-04-26 13:01:44,776 , -1, -, -, -, -, -, -, -, -, -, 24.655074, -150.594265, 21.69803237915039, -4.625539302825928, 36.35921096801758, 60.978337475797225, 5.809588153283595, 359.97154098629164
data_logger , 2021-04-26 13:01:44,781 , 14, Pepeekeo, 19.83361, -155.10722
data_logger , 2021-04-26 13:02:18,182 , -1, -, -, -, -, -, -, -, -, -, 26.157343, -149.155950, 21.35295295715332, -4.565202713012695, 37.88761520385742, 60.848919051403826, 5.695847574356312, 359.96706142940286
data_logger , 2021-04-26 13:02:18,188 , 14, Pepeekeo, 19.83361, -155.10722
data_logger , 2021-04-26 13:02:50,481 , -1, -, -, -, -, -, -, -, -, -, 27.734275, -147.582889, 21.04489517211914, -4.470098972320557, 39.22874069213867, 60.659019301909964, 5.674816141241373, 359.9670656349051
data_logger , 2021-04-26 13:02:50,487 , 14, Pepeekeo, 19.83361, -155.10722
data_logger , 2021-04-26 13:03:24,604 , -1, -, -, -, -, -, -, -, -, -, 29.198594, -146.056642, 20.855823516845703, -4.541740894317627, 40.254146575927734, 60.79895621762518, 5.7138839695202, 359.9640922281098
data_logger , 2021-04-26 13:03:24,609 , 14, Pepeekeo, 19.83361, -155.10722
data_logger , 2021-04-26 13:03:56,946 , -1, -, -, -, -, -, -, -, -, -, 30.731285, -144.382508, 20.59587287902832, -4.629114151000977, 41.86085891723633, 60.96417849364779, 5.819772819109731, 359.9602671921075
data_logger , 2021-04-26 13:03:56,951 , 14, Pepeekeo, 19.83361, -155.10722
data_logger , 2021-04-26 13:04:30,214 , -1, -, -, -, -, -, -, -, -, -, 32.150001, -142.753672, 20.267210006713867, -4.5805511474609375, 42.66934585571289, 61.020937365650596, 5.695343847905024, 359.9597130363152
data_logger , 2021-04-26 13:04:30,220 , 14, Pepeekeo, 19.83361, -155.10722
data_logger , 2021-04-26 13:05:31,241 , 14, 0.1173,0.4048,0.2313,0.1309,0.0727,0.0312,0.0078,0.002,0.0002,0.0,0.0, 33.62969996355423, -140.96233201531524, 19.99358558654785, -4.652236461639404, 43.906715393066406, 61.11824707075577, 5.892578793680658, 359.9531717361326
data_logger , 2021-04-26 13:05:33,362 , 15, Ferndale, 40.57624, -124.26394
data_logger , 2021-04-26 13:06:34,923 , 15, 0.1222,0.1563,0.4774,0.1103,0.0762,0.0416,0.0117,0.0024,0.0002,0.0,0.0, 36.28695773939101, -137.4626387072491, 19.736976623535156, -4.457798004150391, 45.72227478027344, 61.10312503193336, 5.777807283075527, 359.9527584763373
data_logger , 2021-04-26 13:06:37,082 , 16, Ferndale, 40.57624, -124.26394
data_logger , 2021-04-26 13:07:39,096 , 16, 0.1238,0.0598,0.4071,0.2177,0.1199,0.0507,0.0153,0.0036,0.0005,0.0,0.0001, 38.857038395756334, -133.641912847814, 19.264060974121094, -4.1610188484191895, 47.63322830200195, 61.12667552419156, 5.702644893240944, 359.9545371603168
data_logger , 2021-04-26 13:07:41,256 , 17, Ferndale, 40.57624, -124.26394
data_logger , 2021-04-26 13:08:14,670 , -1, -, -, -, -, -, -, -, -, -, 41.273955, -129.523773, 18.420194625854492, -4.268667221069336, 49.94136047363281, 61.32371965155726, 5.778263625089448, 359.9534430160386
data_logger , 2021-04-26 13:08:14,675 , 17, Gold Beach, 42.40733, -124.42177
data_logger , 2021-04-26 13:08:46,923 , -1, -, -, -, -, -, -, -, -, -, 42.451945, -127.275084, 17.673276901245117, -4.040793418884277, 51.910770416259766, 61.4617167935482, 5.784625946301315, 359.9532056436196
data_logger , 2021-04-26 13:08:46,928 , 17, Port Orford, 42.74566, -124.49733
data_logger , 2021-04-26 13:09:47,826 , 1, 0.272,0.1702,0.5294,0.0228,0.0029,0.0004,0.0002,0.0001,0.0001,0.0001,0.0001, 43.545144, -125.009046, 17.154619216918945, -3.8234097957611084, 53.18800735473633, 61.72197432168237, 5.712841085011304, 359.95867916312034
data_logger , 2021-04-26 13:09:50,094 , 2, Barview, 43.35428, -124.31317
data_logger , 2021-04-26 13:10:52,033 , 2, 0.1923,0.3289,0.4344,0.026,0.0081,0.0019,0.0008,0.0011,0.0001,0.0046,0.0038, 45.571429, -120.215550, 16.41705322265625, -3.783352851867676, 55.13418197631836, 61.9388259976411, 5.7236302225789855, 359.9570410082819
data_logger , 2021-04-26 13:10:54,317 , 3, Condon, 45.2343, -120.18503
data_logger , 2021-04-26 13:11:54,621 , 3, 0.1598,0.3747,0.3465,0.0893,0.0126,0.0021,0.0017,0.0012,0.0005,0.0098,0.0044, 47.357895, -115.066476, 15.262815475463867, -3.867507219314575, 56.81373977661133, 61.93619637481065, 5.873944330077571, 359.9561873713729
data_logger , 2021-04-26 13:11:56,924 , 4, Plains, 47.46021, -114.88291
data_logger , 2021-04-26 13:12:58,056 , 4, 0.6611,0.2854,0.0394,0.0094,0.0001,0.0004,0.0006,0.0,0.0,0.0016,0.0025, 48.829050, -109.744741, 13.698697090148926, -3.620709180831909, 58.56910705566406, 62.25557602040044, 5.895530289175751, 359.95069825716286
data_logger , 2021-04-26 13:13:00,276 , 5, Havre, 48.55, -109.68409
data_logger , 2021-04-26 13:13:59,517 , 5, 0.6834,0.2139,0.0746,0.0179,0.0051,0.0014,0.0002,0.0009,0.0,0.0008,0.0009, 50.048464, -103.933138, 12.399449348449707, -3.709740400314331, 60.04436492919922, 62.196938846375886, 5.884039776557674, 359.9508338137395
data_logger , 2021-04-26 13:14:02,536 , 6, Weyburn, 49.66675, -103.85109
data_logger , 2021-04-26 13:15:02,877 , 6, 0.7058,0.279,0.012,0.001,0.0002,0.0001,0.0,0.0,0.0,0.0001,0.0001, 50.912537, -98.042687, 11.016815185546875, -3.8437070846557617, 61.13547897338867, 62.07999917759609, 5.946200474420313, 359.9531721296689
data_logger , 2021-04-26 13:15:05,759 , 7, Portage la Prairie, 49.97282, -98.29263
data_logger , 2021-04-26 13:16:08,120 , 7, 0.8954,0.0995,0.0023,0.0007,0.0001,0.0,0.0,0.0,0.0,0.0001,0.0003, 51.448277, -91.866413, 9.377272605895996, -3.8893303871154785, 62.243202209472656, 62.15629239062514, 5.941589242956908, 359.94983297424767
data_logger , 2021-04-26 13:16:10,290 , 8, Ear Falls, 50.63955, -93.23526
data_logger , 2021-04-26 13:17:11,971 , 17, 0.5948,0.3941,0.0062,0.0014,0.0011,0.0003,0.0001,0.0,0.0,0.0001,0.0002, 51.62393236969579, -85.38933794677442, 7.938221454620361, -4.064988136291504, 62.93968200683594, 61.97097569806435, 5.975166452916691, 359.9505741698345
data_logger , 2021-04-26 13:17:14,137 , 18, Hornepayne, 49.21451, -84.77617
data_logger , 2021-04-26 13:18:15,933 , 18, 0.7177,0.1413,0.0845,0.0228,0.0123,0.0079,0.0075,0.0004,0.0,0.0039,0.0031, 51.417592354869704, -79.01672363982833, 6.125336647033691, -4.0253119468688965, 63.221622467041016, 61.90066573074824, 5.934397480647708, 359.95030337351125
data_logger , 2021-04-26 13:18:18,149 , 19, Matagami, 49.75018, -77.63277
data_logger , 2021-04-26 13:19:20,005 , 8, 0.8272,0.17,0.001,0.0001,0.0,0.0,0.0,0.0,0.0,0.0,0.0, 50.840984, -72.756760, 4.301602840423584, -4.2074079513549805, 62.54964065551758, 61.99368607705464, 5.910817960085532, 359.9529835090591
data_logger , 2021-04-26 13:19:22,188 , 9, Chibougamau, 49.91684, -74.36586
data_logger , 2021-04-26 13:20:23,647 , 9, 0.3952,0.59,0.0033,0.0014,0.0009,0.0008,0.0,0.0001,0.0,0.0065,0.005, 49.910467, -66.704051, 2.5397403240203857, -4.263988018035889, 61.92558288574219, 61.90787841051177, 5.984784213041715, 359.9468570594923
data_logger , 2021-04-26 13:20:25,851 , 10, Port-Cartier, 50.03339, -66.86545
data_logger , 2021-04-26 13:21:26,670 , 10, 0.8258,0.1696,0.0027,0.0,0.0,0.0,0.0,0.0,0.0,0.0002,0.0003, 48.672618, -61.019530, 0.6962903738021851, -4.5185017585754395, 61.13242721557617, 61.69829405582993, 5.965290853150499, 359.94580309260124
data_logger , 2021-04-26 13:21:28,797 , 11, Channel-Port aux Basques, 47.57021, -59.13674
data_logger , 2021-04-26 13:22:29,400 , 11, 0.8359,0.1521,0.0098,0.0002,0.0,0.0,0.0,0.0,0.0,0.0002,0.0003, 47.144022, -55.652682, -0.7006850838661194, -4.509334087371826, 60.67689514160156, 61.56855461254554, 6.033256784920827, 359.94485302596087
data_logger , 2021-04-26 13:22:31,506 , 12, Grand Bank, 47.09995, -55.76504
data_logger , 2021-04-26 13:23:32,290 , 19, 0.1939,0.6072,0.1281,0.0383,0.0163,0.0066,0.0017,0.0004,0.0,0.0056,0.0049, 45.35552967401117, -50.62644129802337, -1.9266431331634521, -4.982155799865723, 59.29623031616211, 61.6542051847375, 5.989345498746815, 359.9432620254412
data_logger , 2021-04-26 13:23:34,425 , 20, St. John's, 47.56494, -52.70931
data_logger , 2021-04-26 13:24:35,467 , 20, 0.1625,0.1448,0.2147,0.3575,0.0933,0.003,0.0061,0.0041,0.0022,0.0098,0.0028, 43.33819915170206, -45.94440126349299, -3.6772899627685547, -5.4211273193359375, 57.847694396972656, 61.78101447686796, 6.085909432571985, 359.9356898936324
data_logger , 2021-04-26 13:24:37,674 , 21, St. John's, 47.56494, -52.70931
data_logger , 2021-04-26 13:25:38,740 , 21, 0.1537,0.2074,0.2385,0.1379,0.2348,0.0029,0.0048,0.0032,0.0026,0.0125,0.0022, 41.121724218857466, -41.59571544159425, -5.182425498962402, -5.887144088745117, 56.256935119628906, 62.123801180743385, 6.03499037230954, 359.9394677086149
data_logger , 2021-04-26 13:25:41,129 , 22, St. John's, 47.56494, -52.70931
data_logger , 2021-04-26 13:26:42,361 , 22, 0.1771,0.4478,0.206,0.0812,0.0398,0.0333,0.0044,0.0018,0.0005,0.0062,0.0026, 38.69431596896995, -37.49821324151732, -6.592839241027832, -6.419500350952148, 54.32372283935547, 62.253533793838606, 6.016772977132647, 359.9403632237883
data_logger , 2021-04-26 13:26:44,647 , 23, Ribeira Grande, 38.51667, -28.7
data_logger , 2021-04-26 13:27:45,636 , 23, 0.4766,0.4252,0.0454,0.0234,0.0131,0.0059,0.0016,0.0005,0.0002,0.0063,0.0036, 36.15671627720263, -33.75348348188237, -7.793561935424805, -6.790086269378662, 52.49033737182617, 61.86327727523159, 6.076682700776944, 359.94573745541715
data_logger , 2021-04-26 13:27:47,858 , 24, Ribeira Grande, 38.51667, -28.7
data_logger , 2021-04-26 13:28:48,768 , 24, 0.79,0.1904,0.007,0.0021,0.0009,0.0008,0.0006,0.0003,0.0,0.0061,0.0053, 33.49396361417857, -30.26640553321323, -9.082640647888184, -7.29289436340332, 49.65006637573242, 61.75969062627917, 6.018889908888528, 359.9443106228964
data_logger , 2021-04-26 13:28:50,919 , 25, Ribeira Grande, 38.51667, -28.7
data_logger , 2021-04-26 13:29:52,290 , 25, 0.6265,0.2713,0.0675,0.0201,0.0115,0.0007,0.0003,0.0001,0.0,0.0002,0.0004, 30.725008339749984, -27.007836685868746, -9.954174041748047, -7.805393695831299, 47.397972106933594, 61.99175313351953, 6.003251337010137, 359.9489089643788
data_logger , 2021-04-26 13:29:54,482 , 26, Ponta Delgada, 37.73333, -25.66667
data_logger , 2021-04-26 13:30:54,801 , 26, 0.2282,0.5228,0.1234,0.052,0.0375,0.021,0.002,0.002,0.0011,0.0081,0.0032, 27.82029110273635, -23.90235457593905, -11.006011962890625, -8.01073932647705, 44.70771789550781, 61.89508546619634, 5.910110608619612, 359.946716210186
data_logger , 2021-04-26 13:30:57,026 , 27, Frontera, 27.75404, -18.00367
data_logger , 2021-04-26 13:31:57,741 , 27, 0.3309,0.4644,0.1059,0.0454,0.0285,0.0115,0.0056,0.0008,0.0002,0.005,0.0032, 24.885061703152974, -21.01984399146442, -11.797630310058594, -8.675100326538086, 42.03522491455078, 62.06161230835042, 6.006583188664634, 359.94220730149306
data_logger , 2021-04-26 13:31:59,911 , 28, Frontera, 27.75404, -18.00367
data_logger , 2021-04-26 13:32:59,685 , 12, 0.2,0.3793,0.2098,0.0647,0.0593,0.0562,0.0146,0.0006,0.0011,0.0127,0.0016, 21.935045, -18.327669, -12.652847290039062, -9.097091674804688, 39.47674560546875, 62.05610034569022, 6.082613012523808, 359.9414573413861
data_logger , 2021-04-26 13:33:01,869 , 13, Nouadhibou, 20.93098, -17.03465
data_logger , 2021-04-26 13:34:01,770 , 13, 0.0639,0.0057,0.5435,0.2207,0.0701,0.0306,0.0472,0.0133,0.0031,0.0001,0.0002, 18.934575, -15.756767, -13.471521377563477, -9.141203880310059, 36.39918518066406, 62.068715705087236, 6.0450499602965, 359.9415178659335
data_logger , 2021-04-26 13:34:05,137 , 14, Nouakchott, 18.08581, -15.9785
data_logger , 2021-04-26 13:35:06,510 , 14, 0.1572,0.7903,0.0464,0.0014,0.0002,0.0003,0.0001,0.0001,0.0,0.0022,0.0023, 15.794111, -13.208566, -14.47623062133789, -9.098701477050781, 33.50343704223633, 61.901990787447225, 6.129532143253564, 359.94336106318417
data_logger , 2021-04-26 13:35:08,679 , 15, Matam, 15.65587, -13.25544
data_logger , 2021-04-26 13:36:10,133 , 15, 0.1592,0.8154,0.0101,0.0031,0.0017,0.0012,0.0002,0.0007,0.0,0.0066,0.0057, 12.668500, -10.785058, -14.739173889160156, -9.498692512512207, 30.24915313720703, 61.903438787551266, 5.998388669207912, 359.9431840385547
data_logger , 2021-04-26 13:36:12,314 , 16, Dire, 12.28333, -10.96667
data_logger , 2021-04-26 13:37:13,325 , 16, 0.9554,0.0404,0.0004,0.0001,0.0,0.0001,0.0,0.0,0.0,0.0018,0.0026, 9.466553, -8.390244, -15.044363021850586, -9.266440391540527, 26.928796768188477, 62.284426739454574, 6.124087201824595, 359.93148016256634
data_logger , 2021-04-26 13:37:15,584 , 17, Kerouane, 9.26667, -9.01667
data_logger , 2021-04-26 13:38:17,559 , 17, 0.8686,0.0941,0.006,0.0029,0.0093,0.0131,0.0038,0.0,0.0,0.0003,0.0005, 6.295560, -6.081391, -15.220287322998047, -8.987415313720703, 23.38323974609375, 62.29687134412234, 6.111290842414576, 359.93603653240285
data_logger , 2021-04-26 13:38:19,842 , 18, Guiberoua, 6.23869, -6.17147
data_logger , 2021-04-26 13:39:20,909 , 28, 0.1382,0.2962,0.2639,0.087,0.0585,0.0862,0.064,0.0032,0.0001,0.001,0.0006, 3.0617676185811464, -3.7681052282956684, -14.879522323608398, -8.741144180297852, 20.065114974975586, 62.35134210275319, 6.155442465870007, 359.92680187652115
data_logger , 2021-04-26 13:39:23,100 , 29, Grand-Bassam, 5.2118, -3.73884
data_logger , 2021-04-26 13:40:24,346 , 29, 0.3641,0.2404,0.1617,0.1673,0.058,0.0022,0.0003,0.0002,0.0,0.004,0.0041, -0.17792972291149817, -1.4706201964699044, -14.789977073669434, -8.467202186584473, 17.01825523376465, 62.41707584332539, 6.198327516121225, 359.92545364787185
data_logger , 2021-04-26 13:40:26,687 , 30, Takoradi, 4.88447, -1.75536
data_logger , 2021-04-26 13:41:28,553 , 30, 0.381,0.3048,0.1492,0.055,0.0389,0.041,0.0236,0.0035,0.0,0.0012,0.0013, -3.366414119244402, 0.7915449666623713, -14.415613174438477, -7.888016700744629, 14.1988525390625, 62.17804654313163, 6.231572608132616, 359.93029993389223
data_logger , 2021-04-26 13:41:30,806 , 31, Pale, -1.40139, 5.6325
data_logger , 2021-04-26 13:42:31,942 , 31, 0.4915,0.3095,0.1426,0.0499,0.0036,0.0001,0.0001,0.0,0.0,0.0008,0.0013, -6.598444693455626, 3.106475475567111, -13.403048515319824, -7.094829082489014, 11.734975814819336, 62.05602521360935, 6.138184712271501, 359.92654256278644
data_logger , 2021-04-26 13:42:34,342 , 32, Pale, -1.40139, 5.6325
data_logger , 2021-04-26 13:43:36,290 , 32, 0.3222,0.4105,0.2119,0.0421,0.0024,0.002,0.0019,0.0009,0.0004,0.004,0.0029, -9.816685115732595, 5.4550868212079475, -12.470455169677734, -6.288219928741455, 9.10195255279541, 62.0419823446758, 6.151379357087496, 359.9228300014569
data_logger , 2021-04-26 13:43:38,601 , 33, Soio, -6.1349, 12.36894
data_logger , 2021-04-26 13:44:39,753 , 33, 0.1454,0.2578,0.2626,0.1185,0.1892,0.0181,0.0005,0.0006,0.0006,0.005,0.0012, -13.014116939816297, 7.854738036082174, -11.341750144958496, -5.386645793914795, 7.147917747497559, 62.05832015717047, 6.1800320006557, 359.923254573753
data_logger , 2021-04-26 13:44:42,087 , 34, Namibe, -15.19611, 12.15222
data_logger , 2021-04-26 13:45:43,020 , 34, 0.199,0.0221,0.2566,0.4327,0.0596,0.0002,0.0007,0.0017,0.0048,0.0208,0.0008, -16.183233360922063, 10.32366102951867, -10.172628402709961, -4.797118663787842, 5.584846019744873, 61.89544063603318, 6.116769507902572, 359.91658823575193
data_logger , 2021-04-26 13:45:45,264 , 35, Namibe, -15.19611, 12.15222
data_logger , 2021-04-26 13:46:46,348 , 18, 0.3296,0.3986,0.1472,0.0532,0.0177,0.0162,0.0162,0.0159,0.003,0.0006,0.0009, -19.267229, 12.840503, -9.243011474609375, -3.828758716583252, 4.313687801361084, 61.736065001940105, 6.155977355059385, 359.9155855519756
data_logger , 2021-04-26 13:46:48,561 , 19, Opuwo, -18.06068, 13.83998
data_logger , 2021-04-26 13:47:49,810 , 19, 0.141,0.7701,0.0451,0.0022,0.0129,0.0242,0.0013,0.0001,0.0,0.0013,0.0017, -22.307222, 15.463120, -8.255236625671387, -3.0852105617523193, 3.5365397930145264, 61.65553024143648, 6.198651096333155, 359.9131927979711
data_logger , 2021-04-26 13:47:51,973 , 20, Usakos, -22, 15.6
data_logger , 2021-04-26 13:48:52,748 , 20, 0.7304,0.2598,0.0077,0.0003,0.0,0.0,0.0,0.0,0.0,0.0,0.0, -25.293521, 18.212964, -7.859046936035156, -2.169217109680176, 2.8761308193206787, 61.65362461865805, 6.273202184237021, 359.91066060538793
data_logger , 2021-04-26 13:48:55,024 , 21, Tses, -25.88333, 18
data_logger , 2021-04-26 13:49:55,465 , 21, 0.7744,0.2217,0.002,0.0,0.0,0.0,0.0,0.0,0.0,0.0,0.0, -28.260932, 21.160638, -7.359082221984863, -1.4424328804016113, 2.499018430709839, 61.55544064933912, 6.156801246628017, 359.90811491917907
data_logger , 2021-04-26 13:49:57,659 , 22, Upington, -28.44776, 21.25612
data_logger , 2021-04-26 13:50:58,377 , 22, 0.3473,0.6369,0.0048,0.0018,0.0009,0.0002,0.0,0.0,0.0,0.0062,0.0058, -31.059541, 24.189069, -7.172516345977783, -0.7424046993255615, 2.3728907108306885, 61.45008498139167, 6.197598820314149, 359.90829633940876
data_logger , 2021-04-26 13:51:00,580 , 23, De Aar, -30.64966, 24.0123
data_logger , 2021-04-26 13:51:59,645 , 23, 0.7734,0.1821,0.0332,0.0075,0.0016,0.0001,0.0001,0.0,0.0,0.0003,0.0004, -33.812288, 27.467261, -7.314524173736572, -0.43242156505584717, 2.2337863445281982, 61.55685449849731, 6.1398213963513655, 359.9117653951563
data_logger , 2021-04-26 13:52:02,362 , 24, Port Alfred, -33.59057, 26.89104
data_logger , 2021-04-26 13:53:04,494 , 35, 0.3385,0.4128,0.1571,0.063,0.0225,0.0013,0.0004,0.0001,0.0,0.0025,0.0033, -36.41574778638077, 30.91847003289601, -7.426287651062012, -0.5374622344970703, 1.9578055143356323, 61.22528979542821, 6.2106726561592, 359.91752912099054
data_logger , 2021-04-26 13:53:06,699 , 36, East London, -33.01529, 27.91162
data_logger , 2021-04-26 13:54:07,563 , 36, 0.361,0.3405,0.188,0.0766,0.0255,0.0031,0.0005,0.0002,0.0001,0.0028,0.0033, -38.97394732868486, 34.74460198705917, -7.836398601531982, -0.5460662841796875, 1.185660481452942, 61.08063321899651, 6.1386064764527495, 359.9192478607219
data_logger , 2021-04-26 13:54:09,812 , 37, Port Saint John's, -31.62291, 29.54477
data_logger , 2021-04-26 13:55:11,036 , 37, 0.126,0.2013,0.5401,0.0865,0.0305,0.0114,0.0011,0.0002,0.0001,0.001,0.0004, -41.341970498833696, 38.80101718418389, -8.44454288482666, -0.5439083576202393, 0.20512741804122925, 61.052752386804514, 6.082056352106452, 359.91928623384524
data_logger , 2021-04-26 13:55:13,288 , 38, Port Saint John's, -31.62291, 29.54477
data_logger , 2021-04-26 13:56:14,632 , 38, 0.2527,0.4872,0.204,0.0328,0.0172,0.0018,0.0005,0.0003,0.0002,0.0016,0.0012, -43.569493262660785, 43.24286337126702, -9.11056137084961, -0.6604225635528564, -1.0845167636871338, 60.98854860860639, 6.102739018686897, 359.9246934158007
data_logger , 2021-04-26 13:56:16,856 , 39, Margate, -30.8636, 30.37052
data_logger , 2021-04-26 13:57:18,393 , 39, 0.1696,0.096,0.3643,0.341,0.0031,0.006,0.0084,0.0037,0.0015,0.0045,0.0013, -45.55915127354759, 47.951141577494, -9.48732852935791, -0.5320746302604675, -2.5144224166870117, 60.991417288057804, 5.988531852461937, 359.9234181914682
data_logger , 2021-04-26 13:57:20,591 , 40, Tsiombe, -25.3, 45.48333
data_logger , 2021-04-26 13:57:52,411 , -1, -, -, -, -, -, -, -, -, -, -47.343453, 53.085074, -9.791136741638184, -0.4953789710998535, -4.4667887687683105, 60.885699620084345, 5.998983749439349, 359.9237925178512
data_logger , 2021-04-26 13:57:52,417 , 40, Port-aux-Francais, -49.35, 70.21667
data_logger , 2021-04-26 13:58:25,726 , -1, -, -, -, -, -, -, -, -, -, -48.136011, 55.783600, -10.242365837097168, -0.6395206451416016, -6.065329551696777, 61.02205068648531, 6.135411228581653, 359.9200525157031
data_logger , 2021-04-26 13:58:25,732 , 40, Port-aux-Francais, -49.35, 70.21667
data_logger , 2021-04-26 13:58:58,244 , -1, -, -, -, -, -, -, -, -, -, -48.878090, 58.655131, -10.506105422973633, -1.0654069185256958, -7.561520099639893, 60.91301354657523, 6.145584368463563, 359.9229006112055
data_logger , 2021-04-26 13:58:58,249 , 40, Port-aux-Francais, -49.35, 70.21667
data_logger , 2021-04-26 13:59:57,440 , 40, 0.1257,0.087,0.2665,0.3354,0.1547,0.0232,0.0053,0.0004,0.0,0.0,0.0, -49.53947816331837, 61.61226782323362, -10.691070556640625, -1.4287348985671997, -8.615317344665527, 61.01448283688494, 6.069403853555826, 359.92545300087147
data_logger , 2021-04-26 13:59:59,629 , 41, Port-aux-Francais, -49.35, 70.21667
data_logger , 2021-04-26 14:00:59,223 , 41, 0.0705,0.0566,0.248,0.1615,0.2148,0.1058,0.0693,0.0681,0.0032,0.0004,0.0, -50.53585932925066, 67.28153657020847, -10.27293586730957, -1.6333658695220947, -10.975513458251953, 61.045409933446756, 6.186680762925884, 359.92394556344743
data_logger , 2021-04-26 14:01:01,380 , 42, Port-aux-Francais, -49.35, 70.21667
data_logger , 2021-04-26 14:02:00,686 , 42, 0.1088,0.1877,0.3833,0.1953,0.0861,0.025,0.0086,0.0029,0.0005,0.0,0.0001, -51.228180963901494, 73.26313620754966, -9.88424301147461, -2.2579689025878906, -13.0594482421875, 61.2737841385353, 6.120801027060172, 359.91788012201073
data_logger , 2021-04-26 14:02:04,378 , 43, Port-aux-Francais, -49.35, 70.21667
data_logger , 2021-04-26 14:02:36,593 , -1, -, -, -, -, -, -, -, -, -, -51.582548, 79.487119, -9.535609245300293, -2.7496559619903564, -15.01223087310791, 61.33870508659627, 6.0343103416003006, 359.92159144270045
data_logger , 2021-04-26 14:02:36,598 , 43, Port-aux-Francais, -49.35, 70.21667
data_logger , 2021-04-26 14:03:10,123 , -1, -, -, -, -, -, -, -, -, -, -51.624229, 82.674017, -9.034456253051758, -3.2008864879608154, -16.779014587402344, 61.38743165613514, 6.1651985373257245, 359.9167596975125
data_logger , 2021-04-26 14:03:10,129 , 43, Port-aux-Francais, -49.35, 70.21667
data_logger , 2021-04-26 14:03:41,645 , -1, -, -, -, -, -, -, -, -, -, -51.565725, 86.058963, -8.443070411682129, -3.767220973968506, -17.99557876586914, 61.35405252166129, 6.024403152209198, 359.9141540470452
data_logger , 2021-04-26 14:03:41,650 , 43, Port-aux-Francais, -49.35, 70.21667
data_logger , 2021-04-26 14:04:15,449 , -1, -, -, -, -, -, -, -, -, -, -51.420485, 89.130663, -7.691435813903809, -3.8910598754882812, -18.960777282714844, 61.33412202966319, 6.0665176717446725, 359.91711763544356
data_logger , 2021-04-26 14:04:15,455 , 43, Port-aux-Francais, -49.35, 70.21667
data_logger , 2021-04-26 14:04:47,268 , -1, -, -, -, -, -, -, -, -, -, -51.161628, 92.468986, -6.705381393432617, -4.381377220153809, -20.228816986083984, 61.21361700213666, 5.926957697094272, 359.9136330716982
data_logger , 2021-04-26 14:04:47,275 , 43, Port-aux-Francais, -49.35, 70.21667
data_logger , 2021-04-26 14:05:20,498 , -1, -, -, -, -, -, -, -, -, -, -50.824688, 95.568779, -5.833652019500732, -4.5854811668396, -21.557321548461914, 60.90661365932292, 6.035414697811727, 359.92102422350433
data_logger , 2021-04-26 14:05:20,506 , 43, Port-aux-Francais, -49.35, 70.21667
data_logger , 2021-04-26 14:05:52,333 , -1, -, -, -, -, -, -, -, -, -, -50.384998, 98.710550, -4.9357099533081055, -5.247283935546875, -22.806278228759766, 60.972094682895836, 6.043041884680516, 359.91763035319855
data_logger , 2021-04-26 14:05:52,338 , 43, Augusta, -34.31566, 115.15922
data_logger , 2021-04-26 14:06:25,649 , -1, -, -, -, -, -, -, -, -, -, -49.872149, 101.693846, -4.210853099822998, -5.07902717590332, -23.247798919677734, 61.44365777338269, 6.015465422793413, 359.9215394358792
data_logger , 2021-04-26 14:06:25,654 , 43, Augusta, -34.31566, 115.15922
data_logger , 2021-04-26 14:06:57,487 , -1, -, -, -, -, -, -, -, -, -, -49.257610, 104.696316, -3.156558036804199, -5.353870391845703, -23.96976661682129, 61.667489902673175, 6.108783309215535, 359.9164946007953
data_logger , 2021-04-26 14:06:57,492 , 43, Augusta, -34.31566, 115.15922
data_logger , 2021-04-26 14:07:29,562 , -1, -, -, -, -, -, -, -, -, -, -48.582350, 107.529219, -1.7532272338867188, -6.022136211395264, -24.989933013916016, 61.51122200465245, 6.036474657793549, 359.91042931944116
data_logger , 2021-04-26 14:07:29,569 , 43, Augusta, -34.31566, 115.15922
data_logger , 2021-04-26 14:08:01,755 , -1, -, -, -, -, -, -, -, -, -, -47.832856, 110.279708, -0.5110605955123901, -6.597016334533691, -25.58537483215332, 61.59656521833176, 6.262642711780181, 359.9031979233585
data_logger , 2021-04-26 14:08:01,761 , 43, Augusta, -34.31566, 115.15922
data_logger , 2021-04-26 14:08:33,682 , -1, -, -, -, -, -, -, -, -, -, -47.013135, 112.944315, 0.16360269486904144, -6.622745037078857, -25.625215530395508, 61.5818188399137, 6.173881415308103, 359.90206975486643
data_logger , 2021-04-26 14:08:33,687 , 43, Denmark, -34.96067, 117.35321
data_logger , 2021-04-26 14:09:06,916 , -1, -, -, -, -, -, -, -, -, -, -46.127249, 115.520998, 1.2431904077529907, -6.816552639007568, -26.013681411743164, 61.58163442480611, 6.120658019974425, 359.9018940775985
data_logger , 2021-04-26 14:09:06,932 , 43, Denmark, -34.96067, 117.35321
data_logger , 2021-04-26 14:09:38,663 , -1, -, -, -, -, -, -, -, -, -, -45.148691, 118.085283, 2.5713889598846436, -6.846928596496582, -26.374725341796875, 61.82527410268964, 6.192883855352725, 359.89813277779996
data_logger , 2021-04-26 14:09:38,668 , 43, Grasmere, -35.01806, 117.75556
data_logger , 2021-04-26 14:10:12,756 , -1, -, -, -, -, -, -, -, -, -, -44.140873, 120.482078, 3.7850799560546875, -6.994799613952637, -26.51114845275879, 61.84126357553664, 6.14253426211233, 359.89759588757863
data_logger , 2021-04-26 14:10:12,761 , 43, Albany, -35.0031, 117.86595
data_logger , 2021-04-26 14:10:44,847 , -1, -, -, -, -, -, -, -, -, -, -43.010920, 122.933228, 4.969387531280518, -7.004485607147217, -26.462398529052734, 61.910603655990606, 6.003804155446085, 359.8982216969912
data_logger , 2021-04-26 14:10:44,852 , 43, Esperance, -33.86013, 121.88259
data_logger , 2021-04-26 14:11:18,260 , -1, -, -, -, -, -, -, -, -, -, -41.895728, 125.152479, 6.052338123321533, -7.206942081451416, -26.814495086669922, 61.99267520905748, 6.132046933528598, 359.89593591148645
data_logger , 2021-04-26 14:11:18,266 , 43, Esperance, -33.86013, 121.88259
data_logger , 2021-04-26 14:11:50,702 , -1, -, -, -, -, -, -, -, -, -, -40.659993, 127.420239, 7.152556419372559, -7.456316947937012, -26.300321578979492, 62.10846057586754, 6.065946924062153, 359.89642138852605
data_logger , 2021-04-26 14:11:50,708 , 43, Esperance, -33.86013, 121.88259
data_logger , 2021-04-26 14:12:23,532 , -1, -, -, -, -, -, -, -, -, -, -39.452686, 129.472929, 8.134696006774902, -7.623475551605225, -25.92652702331543, 62.20634401686299, 6.091471340990491, 359.8978445758335
data_logger , 2021-04-26 14:12:23,537 , 43, Port Lincoln, -34.72625, 135.87442
data_logger , 2021-04-26 14:12:55,872 , -1, -, -, -, -, -, -, -, -, -, -38.166165, 131.510511, 9.145745277404785, -7.672404766082764, -25.483022689819336, 62.11190299120923, 6.182627472540305, 359.8998503636029
data_logger , 2021-04-26 14:12:55,878 , 43, Port Lincoln, -34.72625, 135.87442
data_logger , 2021-04-26 14:13:29,288 , -1, -, -, -, -, -, -, -, -, -, -36.881502, 133.413197, 10.140406608581543, -7.661515235900879, -24.08749771118164, 61.97297694349116, 6.199848940758845, 359.89453650310907
data_logger , 2021-04-26 14:13:29,294 , 43, Port Lincoln, -34.72625, 135.87442
data_logger , 2021-04-26 14:14:01,069 , -1, -, -, -, -, -, -, -, -, -, -35.479684, 135.360129, 11.083870887756348, -7.748594760894775, -23.017839431762695, 61.72773217115269, 6.036684259223703, 359.8859620810602
data_logger , 2021-04-26 14:14:01,075 , 24, Port Lincoln, -34.72625, 135.87442
data_logger , 2021-04-26 14:14:32,897 , -1, -, -, -, -, -, -, -, -, -, -34.128410, 137.126266, 12.184038162231445, -7.913722038269043, -22.093292236328125, 61.85317542544914, 6.142342589928746, 359.8827965685244
data_logger , 2021-04-26 14:14:32,902 , 24, Port Victoria, -34.49722, 137.48534
data_logger , 2021-04-26 14:15:06,346 , -1, -, -, -, -, -, -, -, -, -, -32.792213, 138.779595, 13.113180160522461, -7.800593376159668, -21.875614166259766, 61.985271283997186, 6.115019271927756, 359.8841526011985
data_logger , 2021-04-26 14:15:06,362 , 24, Peterborough, -32.97205, 138.84073
data_logger , 2021-04-26 14:15:38,956 , -1, -, -, -, -, -, -, -, -, -, -31.298481, 140.531825, 14.096506118774414, -7.918715953826904, -21.002132415771484, 62.07961668700257, 6.108569012030325, 359.882778652618
data_logger , 2021-04-26 14:15:38,961 , 24, Broken Hill, -31.96173, 141.45998
data_logger , 2021-04-26 14:16:12,571 , -1, -, -, -, -, -, -, -, -, -, -29.867857, 142.126442, 14.948386192321777, -7.906487941741943, -20.3675594329834, 62.04555453361172, 6.123225744215527, 359.8798411376664
data_logger , 2021-04-26 14:16:12,577 , 43, Broken Hill, -31.96173, 141.45998
data_logger , 2021-04-26 14:16:44,417 , -1, -, -, -, -, -, -, -, -, -, -28.323768, 143.766890, 15.857614517211914, -7.906576633453369, -19.11905860900879, 62.14471521998197, 6.02075839251335, 359.882006414355
data_logger , 2021-04-26 14:16:44,423 , 43, Bourke, -30.09011, 145.93646
data_logger , 2021-04-26 14:17:18,168 , -1, -, -, -, -, -, -, -, -, -, -26.849808, 145.263821, 16.639556884765625, -7.901613712310791, -17.60862159729004, 62.17359325979278, 6.166015171818364, 359.87892056957253
data_logger , 2021-04-26 14:17:18,173 , 43, Bourke, -30.09011, 145.93646
data_logger , 2021-04-26 14:17:49,979 , -1, -, -, -, -, -, -, -, -, -, -25.263680, 146.808195, 17.4494686126709, -7.717459678649902, -16.120695114135742, 62.23850737766458, 6.052436382997045, 359.88054145883996
data_logger , 2021-04-26 14:17:49,986 , 43, Emerald, -23.52296, 148.15784
data_logger , 2021-04-26 14:18:23,410 , -1, -, -, -, -, -, -, -, -, -, -23.801083, 148.178099, 18.015872955322266, -7.967508316040039, -14.878878593444824, 62.34454606452903, 6.181631118695129, 359.86571063687217
data_logger , 2021-04-26 14:18:23,416 , 24, Emerald, -23.52296, 148.15784
data_logger , 2021-04-26 14:18:55,079 , -1, -, -, -, -, -, -, -, -, -, -22.180589, 149.642136, 18.857357025146484, -7.95652961730957, -13.686179161071777, 62.520928869655435, 6.195405902703752, 359.8649005124036
data_logger , 2021-04-26 14:18:55,085 , 24, Sarina, -21.4191, 149.21677
data_logger , 2021-04-26 14:19:28,917 , -1, -, -, -, -, -, -, -, -, -, -20.641228, 150.986400, 19.67453384399414, -7.913710117340088, -12.686914443969727, 62.429185768723826, 6.16197895690571, 359.859557823709
data_logger , 2021-04-26 14:19:28,922 , 24, Mackay, -21.15345, 149.16554
data_logger , 2021-04-26 14:20:00,879 , -1, -, -, -, -, -, -, -, -, -, -19.040757, 152.341591, 20.451696395874023, -7.8231520652771, -10.713038444519043, 62.457189544320876, 6.121925446952286, 359.85943614762414
data_logger , 2021-04-26 14:20:00,884 , 43, Mackay, -21.15345, 149.16554
data_logger , 2021-04-26 14:20:32,690 , -1, -, -, -, -, -, -, -, -, -, -17.477428, 153.628399, 21.069835662841797, -7.819314479827881, -8.560608863830566, 62.47655996080704, 6.150825257991079, 359.8447062043488
data_logger , 2021-04-26 14:20:32,696 , 43, Mackay, -21.15345, 149.16554
data_logger , 2021-04-26 14:21:05,729 , -1, -, -, -, -, -, -, -, -, -, -15.904080, 154.890959, 21.661846160888672, -7.638917446136475, -6.968477249145508, 62.36930550027032, 6.024325031920565, 359.8417926751005
data_logger , 2021-04-26 14:21:05,735 , 43, Samarai, -10.61667, 150.66667
data_logger , 2021-04-26 14:21:37,634 , -1, -, -, -, -, -, -, -, -, -, -14.272226, 156.170267, 22.331741333007812, -7.741609573364258, -5.66161584854126, 62.48352675376045, 6.128017975691937, 359.840534279447
data_logger , 2021-04-26 14:21:37,639 , 43, Honiara, -9.43333, 159.95
data_logger , 2021-04-26 14:22:10,970 , -1, -, -, -, -, -, -, -, -, -, -12.681828, 157.391300, 22.752595901489258, -7.546849250793457, -3.744065523147583, 62.44744286437527, 6.20183396448638, 359.842640205527
data_logger , 2021-04-26 14:22:10,976 , 43, Honiara, -9.43333, 159.95
data_logger , 2021-04-26 14:22:42,673 , -1, -, -, -, -, -, -, -, -, -, -11.034545, 158.632906, 23.218591690063477, -7.558528423309326, -2.004054307937622, 62.56742879752488, 6.098195235341546, 359.8433069093632
data_logger , 2021-04-26 14:22:42,678 , 43, Honiara, -9.43333, 159.95
data_logger , 2021-04-26 14:23:16,390 , -1, -, -, -, -, -, -, -, -, -, -9.431183, 159.822192, 23.42119789123535, -7.7703680992126465, 0.03145871311426163, 62.66330416290435, 6.1440898376958, 359.840548793599
data_logger , 2021-04-26 14:23:16,396 , 24, Honiara, -9.43333, 159.95
data_logger , 2021-04-26 14:23:48,292 , -1, -, -, -, -, -, -, -, -, -, -7.722173, 161.072458, 23.8843994140625, -7.611695289611816, 1.9245126247406006, 62.48118399887513, 6.073269740626054, 359.8373003582978
data_logger , 2021-04-26 14:23:48,298 , 24, Auki, -8.76761, 160.70335
data_logger , 2021-04-26 14:24:21,843 , -1, -, -, -, -, -, -, -, -, -, -6.109502, 162.238931, 24.1737003326416, -7.762109756469727, 3.7302534580230713, 62.46930629990848, 6.085793746242918, 359.8350909922045
data_logger , 2021-04-26 14:24:21,849 , 43, Auki, -8.76761, 160.70335
data_logger , 2021-04-26 14:24:53,568 , -1, -, -, -, -, -, -, -, -, -, -4.443106, 163.433736, 24.537630081176758, -8.046418190002441, 5.801729202270508, 62.44249097722701, 6.193871671461438, 359.83543454271563
data_logger , 2021-04-26 14:24:53,573 , 43, Auki, -8.76761, 160.70335
data_logger , 2021-04-26 14:25:26,405 , -1, -, -, -, -, -, -, -, -, -, -2.824840, 164.586618, 24.481246948242188, -7.714903831481934, 7.907257556915283, 62.66006665323777, 6.255305381064295, 359.83339754551736
data_logger , 2021-04-26 14:25:26,410 , 43, Yaren, -0.55085, 166.9252
data_logger , 2021-04-26 14:25:58,674 , -1, -, -, -, -, -, -, -, -, -, -1.154446, 165.771860, 24.533449172973633, -7.681335926055908, 9.371821403503418, 62.46231901638756, 6.194906872007518, 359.82898189492005
data_logger , 2021-04-26 14:25:58,681 , 24, Yaren, -0.55085, 166.9252
data_logger , 2021-04-26 14:26:30,980 , -1, -, -, -, -, -, -, -, -, -, 0.466000, 166.919728, 24.359683990478516, -7.720810890197754, 11.304218292236328, 62.22459428232526, 6.216223465520304, 359.8289773325671
data_logger , 2021-04-26 14:26:30,985 , 24, Baiti, -0.50803, 166.92945
data_logger , 2021-04-26 14:27:04,703 , -1, -, -, -, -, -, -, -, -, -, 2.086283, 168.068252, 24.534223556518555, -7.4973015785217285, 12.75692081451416, 62.52340139813498, 6.049964708291147, 359.8396495298257
data_logger , 2021-04-26 14:27:04,708 , 43, Ebon, 4.58199, 168.69636
data_logger , 2021-04-26 14:27:36,707 , -1, -, -, -, -, -, -, -, -, -, 3.806740, 169.291552, 24.702375411987305, -7.237634181976318, 15.060473442077637, 62.589230761355566, 6.169837943319456, 359.83890427881397
data_logger , 2021-04-26 14:27:36,713 , 24, Ebon, 4.58199, 168.69636
data_logger , 2021-04-26 14:28:10,055 , -1, -, -, -, -, -, -, -, -, -, 5.424098, 170.447917, 24.418079376220703, -6.805075168609619, 16.79311752319336, 62.60996038548655, 6.124062442388853, 359.84672223073187
data_logger , 2021-04-26 14:28:10,061 , 24, Jabor, 5.92098, 169.64335
data_logger , 2021-04-26 14:28:41,943 , -1, -, -, -, -, -, -, -, -, -, 7.139575, 171.684250, 24.156166076660156, -6.638248443603516, 18.493165969848633, 62.55572868347665, 6.1104857338661605, 359.84567340982807
data_logger , 2021-04-26 14:28:41,949 , 24, Arno, 7.06691, 171.55413
data_logger , 2021-04-26 14:29:15,396 , -1, -, -, -, -, -, -, -, -, -, 8.700173, 172.820534, 24.23518180847168, -6.456326961517334, 20.355928421020508, 62.26142949251914, 6.16907381590606, 359.84451858759
data_logger , 2021-04-26 14:29:15,402 , 24, Taroa, 8.70576, 171.2275
data_logger , 2021-04-26 14:29:47,120 , -1, -, -, -, -, -, -, -, -, -, 10.406972, 174.079092, 24.1480770111084, -6.532488822937012, 22.14377784729004, 62.20148092217394, 6.039052627318405, 359.8419339079379
data_logger , 2021-04-26 14:29:47,126 , 43, Mejit, 10.27531, 170.86461
data_logger , 2021-04-26 14:30:21,214 , -1, -, -, -, -, -, -, -, -, -, 12.007819, 175.277708, 24.200572967529297, -6.270432472229004, 23.9573974609375, 62.38345082204142, 6.047625368500418, 359.84484813087727
data_logger , 2021-04-26 14:30:21,219 , 43, Mejit, 10.27531, 170.86461
data_logger , 2021-04-26 14:30:53,488 , -1, -, -, -, -, -, -, -, -, -, 13.701751, 176.568778, 23.836328506469727, -6.037679672241211, 25.632604598999023, 62.3284951199795, 6.2034706485662445, 359.8451186570612
data_logger , 2021-04-26 14:30:53,494 , 43, Mejit, 10.27531, 170.86461
data_logger , 2021-04-26 14:31:26,832 , -1, -, -, -, -, -, -, -, -, -, 15.288451, 177.802883, 23.530668258666992, -6.275778770446777, 27.191953659057617, 62.365596707551006, 6.065870938207637, 359.8461945185772
data_logger , 2021-04-26 14:31:26,837 , 43, Mejit, 10.27531, 170.86461
data_logger , 2021-04-26 14:31:58,661 , -1, -, -, -, -, -, -, -, -, -, 16.915927, 179.097477, 22.98368263244629, -5.845394611358643, 28.72329330444336, 62.23352133957047, 6.168425801708556, 359.8492313780967
data_logger , 2021-04-26 14:31:58,666 , 43, Mejit, 10.27531, 170.86461
data_logger , 2021-04-26 14:32:30,727 , -1, -, -, -, -, -, -, -, -, -, 18.484435, -179.623347, 22.7009220123291, -5.865902900695801, 29.961143493652344, 62.139401332807694, 6.1097625875877855, 359.84885922616843
data_logger , 2021-04-26 14:32:30,732 , 43, Kekaha, 21.96686, -159.71186
data_logger , 2021-04-26 14:33:03,913 , -1, -, -, -, -, -, -, -, -, -, 20.042294, -178.318085, 22.671077728271484, -5.762906551361084, 31.485227584838867, 62.19245141209118, 5.9491989274659485, 359.85145876681804
data_logger , 2021-04-26 14:33:03,928 , 43, Kekaha, 21.96686, -159.71186
data_logger , 2021-04-26 14:33:36,000 , -1, -, -, -, -, -, -, -, -, -, 21.636410, -176.941815, 22.475929260253906, -5.7277421951293945, 32.660770416259766, 61.99746317166566, 6.000846683535469, 359.8548207273338
data_logger , 2021-04-26 14:33:36,006 , 43, Kekaha, 21.96686, -159.71186
data_logger , 2021-04-26 14:34:09,501 , -1, -, -, -, -, -, -, -, -, -, 23.216518, -175.531832, 21.931413650512695, -5.666833877563477, 33.89528274536133, 61.91008456161369, 6.083354088048754, 359.8625031293451
data_logger , 2021-04-26 14:34:09,506 , 43, Kekaha, 21.96686, -159.71186
data_logger , 2021-04-26 14:34:41,761 , -1, -, -, -, -, -, -, -, -, -, 24.781122, -174.084856, 21.48163604736328, -5.5549821853637695, 35.28239822387695, 62.08096906445824, 6.172993063829178, 359.8596633181151
data_logger , 2021-04-26 14:34:41,766 , 43, Kekaha, 21.96686, -159.71186
data_logger , 2021-04-26 14:35:15,406 , -1, -, -, -, -, -, -, -, -, -, 26.281992, -172.643249, 21.013568878173828, -5.566908359527588, 37.043304443359375, 62.261627568005075, 6.207079976655773, 359.8590500951937
data_logger , 2021-04-26 14:35:15,412 , 43, Kekaha, 21.96686, -159.71186
data_logger , 2021-04-26 14:35:47,155 , -1, -, -, -, -, -, -, -, -, -, 27.857292, -171.066391, 20.925395965576172, -5.44849967956543, 38.33207321166992, 62.43174025947341, 6.219588614347005, 359.8553359397087
data_logger , 2021-04-26 14:35:47,160 , 43, Kekaha, 21.96686, -159.71186
data_logger , 2021-04-26 14:36:21,022 , -1, -, -, -, -, -, -, -, -, -, 29.319922, -169.536292, 20.48923683166504, -5.444396495819092, 39.33353042602539, 62.37893606700004, 6.198310013761477, 359.8519527682539
data_logger , 2021-04-26 14:36:21,028 , 43, Kekaha, 21.96686, -159.71186
data_logger , 2021-04-26 14:36:53,229 , -1, -, -, -, -, -, -, -, -, -, 30.850653, -167.857718, 20.022197723388672, -5.4426140785217285, 40.397220611572266, 62.21587213075516, 6.292911975747562, 359.85259748741873
data_logger , 2021-04-26 14:36:53,235 , 43, Princeville, 22.21758, -159.47888
data_logger , 2021-04-26 14:37:26,760 , -1, -, -, -, -, -, -, -, -, -, 32.267347, -166.224415, 19.640596389770508, -5.517526149749756, 41.2738037109375, 61.98849513328543, 6.425402277720177, 359.85801246672884
data_logger , 2021-04-26 14:37:26,766 , 43, Princeville, 22.21758, -159.47888
data_logger , 2021-04-26 14:38:27,353 , 43, 0.1144,0.3516,0.2683,0.1546,0.0693,0.0304,0.0079,0.0015,0.0002,0.0,0.0, 33.701683327217, -164.48174691279567, 19.776777267456055, -5.577357292175293, 42.42926025390625, 61.78916972273695, 6.480351576479753, 359.8607716230297
data_logger , 2021-04-26 14:38:29,578 , 44, Princeville, 22.21758, -159.47888
data_logger , 2021-04-26 14:39:30,359 , 44, 0.1247,0.0873,0.3967,0.209,0.1082,0.0471,0.0192,0.0052,0.0007,0.0001,0.0, 36.35585385754893, -160.97555126463965, 19.19768524169922, -5.495475769042969, 43.516761779785156, 62.20574296021603, 6.532836884496246, 359.85725112742
data_logger , 2021-04-26 14:39:32,597 , 45, Princeville, 22.21758, -159.47888
data_logger , 2021-04-26 14:40:34,095 , 45, 0.1175,0.0644,0.4173,0.2174,0.1135,0.0465,0.0173,0.0035,0.0007,0.0,0.0001, 38.883262907074595, -157.20943959780797, 18.45461654663086, -5.4675421714782715, 45.119873046875, 62.07023883727214, 6.340840266927187, 359.85167606555126
data_logger , 2021-04-26 14:40:36,256 , 46, Sand Point, 55.33655, -160.4988
data_logger , 2021-04-26 14:41:09,938 , -1, -, -, -, -, -, -, -, -, -, 41.298438, -153.088021, 17.911483764648438, -5.33413553237915, 47.36335372924805, 61.97774441553183, 6.403219957730091, 359.85444291915513
data_logger , 2021-04-26 14:41:09,944 , 46, Sand Point, 55.33655, -160.4988
data_logger , 2021-04-26 14:41:41,992 , -1, -, -, -, -, -, -, -, -, -, 42.475420, -150.837529, 17.614234924316406, -5.330617904663086, 48.79294967651367, 61.89451856049523, 6.349763055304162, 359.8570199815455
data_logger , 2021-04-26 14:41:41,997 , 46, Kodiak Station, 57.76587, -152.60004
data_logger , 2021-04-26 14:42:42,726 , 46, 0.2166,0.0647,0.2766,0.4112,0.0039,0.0194,0.0049,0.0006,0.0001,0.0001,0.0, 43.6008745668024, -148.49743768880833, 17.121673583984375, -5.467137336730957, 50.075599670410156, 61.97315452840959, 6.398787164958753, 359.8566970283236
data_logger , 2021-04-26 14:42:44,893 , 47, Kodiak, 57.79, -152.40722
data_logger , 2021-04-26 14:43:46,841 , 47, 0.1595,0.4384,0.2828,0.0956,0.0109,0.0048,0.0009,0.0005,0.0015,0.0034,0.002, 45.56164087750006, -143.85017697753167, 16.333833694458008, -5.49003791809082, 51.94008255004883, 62.133984992795874, 6.34185668445305, 359.85069582668365
data_logger , 2021-04-26 14:43:49,064 , 48, Sitka, 57.05315, -135.33088
data_logger , 2021-04-26 14:44:49,930 , 48, 0.1774,0.6714,0.1257,0.0128,0.0025,0.0019,0.0005,0.0004,0.0001,0.0056,0.0046, 47.37528149838106, -138.61967275264925, 15.55137825012207, -5.562166690826416, 53.34180450439453, 61.892141654664066, 6.310420311911243, 359.8490930267454
data_logger , 2021-04-26 14:44:52,095 , 49, Craig, 55.47639, -133.14833
data_logger , 2021-04-26 14:45:53,317 , 49, 0.486,0.2995,0.1703,0.0371,0.0014,0.0013,0.0004,0.0,0.0,0.0024,0.0028, 48.86491843560416, -133.2059828542271, 14.799798011779785, -5.304739952087402, 55.63984298706055, 62.0772875924956, 6.178963929824239, 359.84989736156143
data_logger , 2021-04-26 14:45:55,587 , 50, Prince Rupert, 54.31507, -130.32098
data_logger , 2021-04-26 14:46:56,902 , 24, 0.1227,0.4874,0.1186,0.0402,0.0549,0.1496,0.0195,0.0005,0.0003,0.0047,0.0032, 50.059560, -127.479675, 13.775341987609863, -5.012099266052246, 57.66576385498047, 61.95654350834811, 6.216211512689258, 359.84842504224866
data_logger , 2021-04-26 14:46:59,247 , 25, Tofino, 49.15314, -125.90744
data_logger , 2021-04-26 14:47:58,801 , 25, 0.4791,0.4526,0.0515,0.0106,0.0022,0.0006,0.0003,0.0001,0.0,0.0012,0.0017, 50.942406, -121.393171, 12.793370246887207, -5.005687713623047, 59.21052551269531, 62.12507159592901, 6.287624128669503, 359.8450057188161
data_logger , 2021-04-26 14:48:01,220 , 26, Cache Creek, 50.81011, -121.3246
data_logger , 2021-04-26 14:49:01,016 , 26, 0.1604,0.6035,0.2186,0.0113,0.0011,0.0008,0.0004,0.0003,0.0003,0.0016,0.0008, 51.457645, -115.309781, 11.394584655761719, -4.715857982635498, 60.71221160888672, 62.1792145054797, 6.335359467005075, 359.84373811841544
data_logger , 2021-04-26 14:49:04,861 , 27, Canmore, 51.08335, -115.35206
data_logger , 2021-04-26 14:50:06,453 , 27, 0.7544,0.2398,0.0035,0.0004,0.0,0.0,0.0,0.0,0.0,0.0,0.0, 51.624021, -109.031204, 10.033554077148438, -4.817691802978516, 61.64680099487305, 62.41861263588865, 6.503444019176742, 359.83829781938067
data_logger , 2021-04-26 14:50:08,594 , 28, Kindersley, 51.46681, -109.16818
data_logger , 2021-04-26 14:51:10,699 , 28, 0.2474,0.7293,0.0155,0.0004,0.0005,0.0005,0.0003,0.0002,0.0,0.004,0.0034, 51.419600, -102.658283, 8.399691581726074, -4.649258613586426, 62.44939422607422, 62.388710067702334, 6.460804428848822, 359.8379854182674
data_logger , 2021-04-26 14:51:12,953 , 29, Yorkton, 51.2167, -102.46766
data_logger , 2021-04-26 14:52:13,894 , 29, 0.7043,0.2029,0.086,0.0045,0.0004,0.0,0.0,0.0,0.0,0.0,0.0, 50.844850, -96.397479, 6.773339748382568, -4.505912780761719, 62.942264556884766, 62.317976628657675, 6.45349356511597, 359.8379750796022
data_logger , 2021-04-26 14:52:16,074 , 30, Gimli, 50.63362, -96.99066
data_logger , 2021-04-26 14:53:17,008 , 30, 0.7651,0.1693,0.0601,0.0034,0.0002,0.0,0.0,0.0,0.0,0.0,0.0, 49.916081, -90.343506, 5.078213691711426, -4.438275337219238, 63.552677154541016, 62.294740325101294, 6.395910374657708, 359.8369603162628
data_logger , 2021-04-26 14:53:19,108 , 31, Atikokan, 48.75667, -91.62409
data_logger , 2021-04-26 14:54:20,213 , 31, 0.7055,0.2833,0.009,0.0002,0.0,0.0,0.0,0.0,0.0,0.0001,0.0002, 48.679824, -84.657435, 3.3142099380493164, -4.357015609741211, 63.24296951293945, 62.175478392003704, 6.2891387231179525, 359.83077123105977
data_logger , 2021-04-26 14:54:22,481 , 32, Hornepayne, 49.21451, -84.77617
data_logger , 2021-04-26 14:55:23,591 , 32, 0.1662,0.7638,0.0449,0.0136,0.0035,0.0016,0.0005,0.0004,0.0002,0.0034,0.0029, 47.152655, -79.288866, 1.6338577270507812, -4.621982097625732, 63.16556930541992, 62.27079368187123, 6.344449595016716, 359.8255134394821
data_logger , 2021-04-26 14:55:25,907 , 33, Ville-Marie, 47.33345, -79.43297
data_logger , 2021-04-26 14:56:27,911 , 33, 0.9103,0.077,0.0078,0.0009,0.0004,0.0004,0.0,0.0,0.0,0.0013,0.0019, 45.365433, -74.260829, -0.12082631886005402, -4.9312825202941895, 62.291839599609375, 62.25112273706159, 6.268407818326494, 359.82526568504215
data_logger , 2021-04-26 14:56:30,111 , 34, Les Coteaux, 45.28338, -74.23254
data_logger , 2021-04-26 14:57:31,616 , 34, 0.269,0.334,0.1732,0.1735,0.048,0.0003,0.0001,0.0001,0.0,0.0001,0.0002, 43.281792, -69.433879, -1.853056788444519, -4.814059257507324, 61.08787536621094, 62.10251831128963, 6.237190011838129, 359.8247150677414
data_logger , 2021-04-26 14:57:33,877 , 35, Boothbay Harbor, 43.8523, -69.6281
data_logger , 2021-04-26 14:58:35,206 , 50, 0.2745,0.418,0.0856,0.084,0.0873,0.0479,0.0003,0.0001,0.0,0.0005,0.0008, 41.06041644086743, -65.0937996582967, -3.5610246658325195, -4.769137382507324, 59.74998092651367, 61.988413171015395, 6.2037489787749225, 359.82086437517404
data_logger , 2021-04-26 14:58:37,586 , 51, Shelburne, 43.76325, -65.32355
data_logger , 2021-04-26 14:59:39,104 , 51, 0.5599,0.1868,0.1734,0.0431,0.0205,0.0134,0.0009,0.0001,0.0,0.0,0.0001, 38.628732492559486, -61.00438781729166, -5.409574031829834, -4.747623920440674, 58.22688293457031, 61.757265909123824, 6.234323039934015, 359.82309041653383
data_logger , 2021-04-26 14:59:41,302 , 52, Cole Harbour, 44.67244, -63.47506
data_logger , 2021-04-26 15:00:43,884 , 52, 0.1796,0.7807,0.0308,0.0047,0.0003,0.0003,0.0001,0.0,0.0,0.0017,0.002, 36.046149174918455, -57.20970546916182, -7.016254901885986, -4.958977699279785, 56.60015106201172, 61.72588802007678, 6.248349687168283, 359.82491015501955
data_logger , 2021-04-26 15:00:46,054 , 53, Saint George, 32.38167, -64.67806
data_logger , 2021-04-26 15:01:47,427 , 53, 0.2902,0.5651,0.1377,0.0027,0.0016,0.0002,0.0001,0.0001,0.0,0.0005,0.0008, 33.29202565627256, -53.62641747584388, -8.252988815307617, -4.600856304168701, 54.45156478881836, 61.81034330916399, 6.098588398105645, 359.8278463893107
data_logger , 2021-04-26 15:01:49,725 , 54, Saint George, 32.38167, -64.67806
data_logger , 2021-04-26 15:02:51,350 , 54, 0.3752,0.2259,0.2126,0.1192,0.0275,0.0107,0.0092,0.0053,0.0007,0.0119,0.0039, 30.51587819264795, -50.38365197869151, -10.1004638671875, -4.895922660827637, 51.90299606323242, 61.760619532006295, 6.0906021994186075, 359.8343150453622
data_logger , 2021-04-26 15:02:53,516 , 55, Saint George, 32.38167, -64.67806
data_logger , 2021-04-26 15:03:54,788 , 55, 0.4526,0.2153,0.1385,0.1103,0.0411,0.0137,0.0101,0.0008,0.0,0.0158,0.0118, 27.605015492928594, -47.29213419051991, -10.402321815490723, -5.3330464363098145, 49.52668762207031, 61.8546644066882, 6.187315116745049, 359.83581100353274
data_logger , 2021-04-26 15:03:57,036 , 56, Codrington, 17.63333, -61.83333
data_logger , 2021-04-26 15:04:57,812 , 56, 0.4261,0.1956,0.1581,0.1101,0.0689,0.0193,0.0072,0.0011,0.0,0.0117,0.0086, 24.617524900910865, -44.37711190559602, -11.844159126281738, -5.427365779876709, 46.402015686035156, 61.93414048787047, 6.111424884877037, 359.8371108338886
data_logger , 2021-04-26 15:05:00,142 , 57, Grande Anse, 16.30351, -61.07406
data_logger , 2021-04-26 15:05:59,544 , 57, 0.4673,0.2797,0.1428,0.0793,0.0273,0.0009,0.0,0.0,0.0,0.001,0.0014, 21.61439146814652, -41.654728276023164, -12.963190078735352, -5.429876327514648, 43.02854537963867, 61.90027640996555, 6.122709638046368, 359.8358264648399
data_logger , 2021-04-26 15:06:01,795 , 58, Ponta do Sol, 17.19942, -25.09192
data_logger , 2021-04-26 15:07:01,817 , 58, 0.4496,0.3075,0.1717,0.0593,0.0083,0.0004,0.0001,0.0,0.0,0.0012,0.0012, 18.657879199109384, -39.13608235920262, -13.883136749267578, -5.6998724937438965, 40.05678176879883, 62.06795072390019, 6.216762196691089, 359.8349640467355
data_logger , 2021-04-26 15:07:05,258 , 59, Ponta do Sol, 17.19942, -25.09192
data_logger , 2021-04-26 15:08:06,934 , 59, 0.4658,0.2889,0.1533,0.0799,0.0088,0.0001,0.0,0.0,0.0,0.0014,0.002, 15.513968737361902, -36.59639262954927, -14.681496620178223, -5.2272629737854, 37.09714889526367, 62.15453703200844, 6.257744185484812, 359.8435038109104
data_logger , 2021-04-26 15:08:09,235 , 60, Ponta do Sol, 17.19942, -25.09192
data_logger , 2021-04-26 15:09:10,834 , 60, 0.5177,0.3038,0.1422,0.0266,0.0025,0.0008,0.0015,0.0001,0.0,0.003,0.0032, 12.335822806173377, -34.141742170157166, -15.173064231872559, -5.459346294403076, 34.12782669067383, 61.966310678861234, 6.1763769956760965, 359.8402872587188
data_logger , 2021-04-26 15:09:13,018 , 61, Vila Nova Sintra, 14.86667, -24.71667
data_logger , 2021-04-26 15:10:14,710 , 61, 0.3386,0.2681,0.1814,0.1002,0.0674,0.0358,0.0035,0.0001,0.0,0.0032,0.0038, 9.131510420274534, -31.75293473436398, -15.70922565460205, -5.711710453033447, 30.774112701416016, 62.10442393406806, 6.266619162537598, 359.83654698309624
data_logger , 2021-04-26 15:10:16,964 , 62, Vila Nova Sintra, 14.86667, -24.71667
data_logger , 2021-04-26 15:11:18,260 , 62, 0.2477,0.5852,0.12,0.0294,0.0106,0.0011,0.0002,0.0003,0.0,0.0037,0.003, 5.958919994202169, -29.448196681969893, -15.911438941955566, -5.638155460357666, 27.407520294189453, 62.15845756059203, 6.095571162039791, 359.8390164433268
data_logger , 2021-04-26 15:11:20,650 , 63, Vila Nova Sintra, 14.86667, -24.71667
